<?xml version="1.0" encoding="UTF-8"?>
<ISUI>
  <Window Name="Golem">
    <X>100</X>
    <Y>120</Y>
    <Width>170</Width>
    <Height>130</Height>
  <TitleBar template='window.Titlebar'>
	<Children>
		<Text Name='Title' Template='window.Titlebar.Title' />
		<Button Name='Minimize' Template='window.Titlebar.Minimize' />
		<Button Name='Maximize' Template='window.Titlebar.Maximize' />
		<commandbutton name='Custom Close Button' Template='window.Titlebar.Close'>
		<Command>Script[Golem]:End</Command>
		</commandbutton>
	</Children>
  </TitleBar>
	<Children>
		<TabControl name='Golem'>
			<X>5%</X>
 			<Width>90%</Width>
 			<Height>95%</Height>
			<Tabs>
 				<Tab name='Main'>
					<button name='Start'>
 						<X>5</X>
 						<Y>5</Y>
 						<Width>145</Width>
 						<Height>20</Height>
 						<AutoTooltip>Starts Golem.iss</AutoTooltip>
 						<Text>Start</Text>
 						<OnLeftClick>Script[Golem]:QueueCommand[call start]</OnLeftClick>
						<Font><Color>FFFF0000</Color></Font>
 					</button>
					<checkbox Name='SAS'>
						<X>5%</X>
						<Y>25</Y>
						<Width>20%</Width>
						<Height>20</Height>
						<Text>Spam Ancient Strike</Text>
						<OnLoad>
							This:SetChecked
						</OnLoad>
					</checkbox>
					<checkbox Name='SLA'>
						<X>5%</X>
						<Y>45</Y>
						<Width>20%</Width>
						<Height>20</Height>
						<Text>Spam Levigating Assault</Text>
						<OnLoad>
							This:SetChecked
						</OnLoad>
					</checkbox>
					<checkbox Name='SLS'>
						<X>5%</X>
						<Y>65</Y>
						<Width>20%</Width>
						<Height>20</Height>
						<Text>Spam Lumbering Shove</Text>
						<OnLoad>
							This:SetChecked
						</OnLoad>						
					</checkbox>
				</Tab>
			</Tabs>
		</TabControl>
	</Children>
  </Window>
</ISUI>