<?xml version="1.0" encoding="UTF-8"?>
<ISUI>
#include "${LavishScript.HomeDirectory}/Scripts/EQ2OgreCommon/DoNotShareWithOthers/EQ2Chars.inc"
#include "${LavishScript.HomeDirectory}/Scripts/EQ2OgreCommon/OgreCommon.inc"
	<!-- Main Window -->
	<Window Name='Cavern'>
	<X>50</X>
	<Y>100</Y>
	<Width>300</Width>
	<Height>100</Height>
	<Client Template="Window.Client" />
		<StorePosition>1</StorePosition>
		<Title>EQ2Cavern Version 1.00b</Title> 
		<OnLoad>
		echo ${Time}: Loading EQ2Cavern
		</OnLoad>
		

			<TitleBar Template="Window.TitleBar">
			<X>0</X>
			<Y>0</Y>
			<Width>100%</Width>
			<Height>10%</Height>
			<Children>
				<Text Name="Title" Template="Window.TitleBar.Title">
					<Alignment>Left</Alignment>
				</Text>
				<Button Name="Minimize" Template="Window.TitleBar.Minimize">
					<X>85%</X>
					<Width>16</Width>
					<Height>16</Height>
				</Button>
				<CommandButton Name="Custom Quit Button" Template="Window.TitleBar.Close">
					<X>92%</X>
					<Width>16</Width>
					<Height>16</Height>
					<OnLeftClick>
						if ${Script[EQ2Cavern](exists)}
							endscript EQ2Cavern	
						ui -unload "${LavishScript.HomeDirectory}/Scripts/EQ2Cavern/UI/EQ2CavernUI.xml"
						if ${Script[autoloot](exists)}
							endscript autoloot	
						ui -unload "${LavishScript.HomeDirectory}/Scripts/Autoloot/UI/AutolootXML.xml"
					</OnLeftClick>
				</CommandButton>
			</Children>
		</TitleBar>
		
			<!-- Start of layout -->
	<Children>
		<CommandButton Name='Place Items'>
					<X>5</X>
					<Y>5</Y>
					<Width>150</Width>
					<Height>30</Height>
					<Text>Start Cavern Cleanup </Text>
					<AutoTooltip>Continually deletes Cavern trash </AutoTooltip>
		
						<Command>Script[eq2cavern]:QueueCommand[call CleanCavern]</Command>;	
		</CommandButton>
		
		<CommandButton Name='Start Looter'>
					<X>5</X>
					<Y>45</Y>
					<Width>150</Width>
					<Height>30</Height>
					<Text>Start Looter </Text>
					<AutoTooltip>Start Looter with preset values for Equisite, Ornate, Treasured and small chests only - Corpse loot done via ogre </AutoTooltip>
		
					<OnLeftClick>
						runscript autoloot 
					</OnLeftClick>
		</CommandButton>
		<CommandButton Name='Stop Cleaner'>
					<X>200</X>
					<Y>33</Y>
					<Width>60</Width>
					<Height>20</Height>
					<Text>Kill Scripts </Text>
					<AutoTooltip>Stops the Cleaner and Looter</AutoTooltip>
					<OnLeftClick>
							if ${Script[autoloot](exists)}
							{
							endscript autoloot
							}
							if ${Script[EQ2Cavern](exists)}
							{
							endscript EQ2Cavern
							}
						
					</OnLeftClick>
		</CommandButton>
		
				

	</Children>
		
		
		

</Window>
</ISUI>