<?xml version='1.0' encoding='UTF-8'?>
<!-- Generated by LavishSettings v2 -->
<InnerSpaceSettings>
	<Setting Name="waxed leather pelt">waxed leather pelt</Setting>
	<Setting Name="bronze cluster">bronze cluster</Setting>
	<Setting Name="solidified loam">solidified loam</Setting>
	<Setting Name="yarrow">yarrow</Setting>
	<Setting Name="copper cluster">copper cluster</Setting>
	<Setting Name="lapis lazuli">lapis lazuli</Setting>
	<Setting Name="severed alder">severed alder</Setting>
	<Setting Name="cured leather pelt">cured leather pelt</Setting>
	<Setting Name="alkaline loam">alkaline loam</Setting>
	<Setting Name="blackened iron cluster">blackened iron cluster</Setting>
	<Setting Name="sisal root">sisal root</Setting>
	<Setting Name="coral">coral</Setting>
	<Setting Name="silver cluster">silver cluster</Setting>
	<Setting Name="severed bone">severed bone</Setting>
	<Setting Name="cuirboilli leather pelt">cuirboilli leather pelt</Setting>
	<Setting Name="malleable loam">malleable loam</Setting>
	<Setting Name="steel cluster">steel cluster</Setting>
	<Setting Name="dandelion fiber">dandelion fiber</Setting>
	<Setting Name="jasper">jasper</Setting>
	<Setting Name="palladium cluster">palladium cluster</Setting>
	<Setting Name="severed fir">severed fir</Setting>
	<Setting Name="engraved leather pelt">engraved leather pelt</Setting>
	<Setting Name="ductile loam">ductile loam</Setting>
	<Setting Name="feysteel cluster">feysteel cluster</Setting>
	<Setting Name="oak root">oak root</Setting>
	<Setting Name="opal">opal</Setting>
	<Setting Name="ruthenium cluster">ruthenium cluster</Setting>
	<Setting Name="severed oak">severed oak</Setting>
	<Setting Name="augmented leather pelt">augmented leather pelt</Setting>
	<Setting Name="ebon cluster">ebon cluster</Setting>
	<Setting Name="fused loam">fused loam</Setting>
	<Setting Name="strange black ore">strange black ore</Setting>
	<Setting Name="figwarts root">figwarts root</Setting>
	<Setting Name="rhodium cluster">rhodium cluster</Setting>
	<Setting Name="ruby">ruby</Setting>
	<Setting Name="severed cedar">severed cedar</Setting>
	<Setting Name="scaled leather pelt">scaled leather pelt</Setting>
	<Setting Name="alkali loam">alkali loam</Setting>
	<Setting Name="cobalt cluster">cobalt cluster</Setting>
	<Setting Name="saguaro roots">saguaro roots</Setting>
	<Setting Name="vanadium cluster">vanadium cluster</Setting>
	<Setting Name="pearl">pearl</Setting>
	<Setting Name="severed ironwood">severed ironwood</Setting>
	<Setting Name="dragonhide pelt">dragonhide pelt</Setting>
	<Setting Name="spongy loam">spongy loam</Setting>
	<Setting Name="xegonite cluster">xegonite cluster</Setting>
	<Setting Name="nimbus root">nimbus root</Setting>
	<Setting Name="acrylia cluster">acrylia cluster</Setting>
	<Setting Name="moonstone">moonstone</Setting>
	<Setting Name="lumbered ebony">lumbered ebony</Setting>
	<Setting Name="hidebound pelt">hidebound pelt</Setting>
	<Setting Name="silicate loam">silicate loam</Setting>
	<Setting Name="incarnadine cluster">incarnadine cluster</Setting>
	<Setting Name="mantrap root">mantrap root</Setting>
	<Setting Name="tynnonium cluster">tynnonium cluster</Setting>
	<Setting Name="rough fire emerald">rough fire emerald</Setting>
	<Setting Name="mahogany lumber">mahogany lumber</Setting>
	<Setting Name="Spotted Pelt">Spotted Pelt</Setting>
	<Setting Name="Brellium Ore">Brellium Ore</Setting>
	<Setting Name="Toxnettle Root">Toxnettle Root</Setting>
	<Setting Name="Kaborite Cluster">Kaborite Cluster</Setting>
	<Setting Name="Ulteran Diamond">Ulteran Diamond</Setting>
	<Setting Name="eucalyptus lumber">eucalyptus lumber</Setting>
</InnerSpaceSettings>
