<?xml version='1.0' encoding='UTF-8'?>
<!-- Generated by LavishSettings v2 -->
<InnerSpaceSettings>
	<Setting Name="deer meat">deer meat</Setting>
	<Setting Name="rawhide leather pelt">rawhide leather pelt</Setting>
	<Setting Name="frog leg">frog leg</Setting>
	<Setting Name="leaded loam">leaded loam</Setting>
	<Setting Name="roots">roots</Setting>
	<Setting Name="Baubbleshire cabbage">Baubbleshire cabbage</Setting>
	<Setting Name="black coffee bean">black coffee bean</Setting>
	<Setting Name="jum jum">jum jum</Setting>
	<Setting Name="white tea leaf">white tea leaf</Setting>
	<Setting Name="lead cluster">lead cluster</Setting>
	<Setting Name="tin cluster">tin cluster</Setting>
	<Setting Name="rough malachite">rough malachite</Setting>
	<Setting Name="severed elm">severed elm</Setting>
	<Setting Name="elephant meat">elephant meat</Setting>
	<Setting Name="tanned leather pelt">tanned leather pelt</Setting>
	<Setting Name="vulrich meat">vulrich meat</Setting>
	<Setting Name="raw crab meat">raw crab meat</Setting>
	<Setting Name="freewater grouper">freewater grouper</Setting>
	<Setting Name="iron cluster">iron cluster</Setting>
	<Setting Name="salty loam">salty loam</Setting>
	<Setting Name="tuber strands">tuber strands</Setting>
	<Setting Name="Antonican coffee bean">Antonican coffee bean</Setting>
	<Setting Name="black tea leaf">black tea leaf</Setting>
	<Setting Name="carrot">carrot</Setting>
	<Setting Name="murdunk orange">murdunk orange</Setting>
	<Setting Name="electrum cluster">electrum cluster</Setting>
	<Setting Name="rough turquoise">rough turquoise</Setting>
	<Setting Name="severed maple">severed maple</Setting>
	<Setting Name="boiled leather pelt">boiled leather pelt</Setting>
	<Setting Name="lion meat">lion meat</Setting>
	<Setting Name="pig meat">pig meat</Setting>
	<Setting Name="seafury mackerel">seafury mackerel</Setting>
	<Setting Name="thicket crayfish">thicket crayfish</Setting>
	<Setting Name="carbonite cluster">carbonite cluster</Setting>
	<Setting Name="pliant loam">pliant loam</Setting>
	<Setting Name="belladonna root">belladonna root</Setting>
	<Setting Name="fayberry">fayberry</Setting>
	<Setting Name="oolong tea leaf">oolong tea leaf</Setting>
	<Setting Name="steppes mountain bean">steppes mountain bean</Setting>
	<Setting Name="sweet onion">sweet onion</Setting>
	<Setting Name="rough agate">rough agate</Setting>
	<Setting Name="gold cluster">gold cluster</Setting>
	<Setting Name="severed ash">severed ash</Setting>
	<Setting Name="bear meat">bear meat</Setting>
	<Setting Name="etched leather pelt">etched leather pelt</Setting>
	<Setting Name="griffon meat">griffon meat</Setting>
	<Setting Name="murkwater carp">murkwater carp</Setting>
	<Setting Name="shark fin">shark fin</Setting>
	<Setting Name="feyiron cluster">feyiron cluster</Setting>
	<Setting Name="supple loam">supple loam</Setting>
	<Setting Name="tussah roots">tussah roots</Setting>
	<Setting Name="cucumber">cucumber</Setting>
	<Setting Name="Everfrost ice bean">Everfrost ice bean</Setting>
	<Setting Name="green tea leaf">green tea leaf</Setting>
	<Setting Name="wild apple">wild apple</Setting>
	<Setting Name="rough opaline">rough opaline</Setting>
	<Setting Name="velium cluster">velium cluster</Setting>
	<Setting Name="severed briarwood">severed briarwood</Setting>
	<Setting Name="owlbear meat">owlbear meat</Setting>
	<Setting Name="strengthened leather pelt">strengthened leather pelt</Setting>
	<Setting Name="wyrm meat">wyrm meat</Setting>
	<Setting Name="cauldron blowfish">cauldron blowfish</Setting>
	<Setting Name="nerius trout">nerius trout</Setting>
	<Setting Name="bonded loam,">bonded loam</Setting>
	<Setting Name="fulginate cluster">fulginate cluster</Setting>
	<Setting Name="ashen roots">ashen roots</Setting>
	<Setting Name="browncap mushroom">browncap mushroom</Setting>
	<Setting Name="Lavastorm robusta bean">Lavastorm robusta bean</Setting>
	<Setting Name="pu-erh tea leaf">pu-erh tea leaf</Setting>
	<Setting Name="white peach">white peach</Setting>
	<Setting Name="rough bloodstone">rough bloodstone</Setting>
	<Setting Name="diamondine cluster">diamondine cluster</Setting>
	<Setting Name="severed teak">severed teak</Setting>
	<Setting Name="stonehide pelt">stonehide pelt</Setting>
	<Setting Name="caiman meat">caiman meat</Setting>
	<Setting Name="sabertooth meat">sabertooth meat</Setting>
	<Setting Name="conger eel">conger eel</Setting>
	<Setting Name="tigershrimp">tigershrimp</Setting>
	<Setting Name="indium cluster">indium cluster</Setting>
	<Setting Name="soluble loam">soluble loam</Setting>
	<Setting Name="succulent roots">succulent roots</Setting>
	<Setting Name="artichoke">artichoke</Setting>
	<Setting Name="darjeeling tea leaf">darjeeling tea leaf</Setting>
	<Setting Name="Maj'Dul coffee bean">Maj'Dul coffee bean</Setting>
	<Setting Name="prickly pear">prickly pear</Setting>
	<Setting Name="beryllium cluster">beryllium cluster</Setting>
	<Setting Name="rough nacre">rough nacre</Setting>
	<Setting Name="severed sandalwood">severed sandalwood</Setting>
	<Setting Name="horned pelt">horned pelt</Setting>
	<Setting Name="aviak meat">aviak meat</Setting>
	<Setting Name="ravasect meat">ravasect meat</Setting>
	<Setting Name="flying fish">flying fish</Setting>
	<Setting Name="adamantine cluster">adamantine cluster</Setting>
	<Setting Name="porous loam">porous loam</Setting>
	<Setting Name="hanging root">hanging root</Setting>
	<Setting Name="soaring coffee bean">soaring coffee bean</Setting>
	<Setting Name="squash">squash</Setting>
	<Setting Name="sweet chai tea leaf">sweet chai tea leaf</Setting>
	<Setting Name="xegonberry">xegonberry</Setting>
	<Setting Name="azurite cluster">azurite cluster</Setting>
	<Setting Name="rough topaz">rough topaz</Setting>
	<Setting Name="rough lumbered rosewood">rough lumbered rosewood</Setting>
	<Setting Name="bristled pelt">bristled pelt</Setting>
	<Setting Name="brute meat">brute meat</Setting>
	<Setting Name="devourer meat">devourer meat</Setting>
	<Setting Name="drachnid meat">drachnid meat</Setting>
	<Setting Name="hornet meat">hornet meat</Setting>
	<Setting Name="mountain giant meat">mountain giant meat</Setting>
	<Setting Name="barracuda">barracuda</Setting>
	<Setting Name="king prawn">king prawn</Setting>
	<Setting Name="ferrite cluster">ferrite cluster</Setting>
	<Setting Name="mineral salt loam">mineral salt loam</Setting>
	<Setting Name="lichenclover root">lichenclover root</Setting>
	<Setting Name="cranberry">cranberry</Setting>
	<Setting Name="succulent petal">succulent petal</Setting>
	<Setting Name="cabilis cocoa bean">cabilis cocoa bean</Setting>
	<Setting Name="torsis tea leaf">torsis tea leaf</Setting>
	<Setting Name="deklium cluster">deklium cluster</Setting>
	<Setting Name="rough kunzite">rough kunzite</Setting>
	<Setting Name="redwood lumber">redwood lumber</Setting>
	<Setting Name="Mottled Pelt">Mottled Pelt</Setting>
	<Setting Name="Seahorse Roe">Seahorse Roe</Setting>
	<Setting Name="Giant Octopus Meat">Giant Octopus Meat</Setting>
	<Setting Name="Bamboo Shoot">Bamboo Shoot</Setting>
	<Setting Name="Lapsang Tea Leaf">Lapsang Tea Leaf</Setting>
	<Setting Name="Marr Cherry">Marr Cherry</Setting>
	<Setting Name="Caynar Nut">Caynar Nut</Setting>
	<Setting Name="Kejekan Palmfruit">Kejekan Palmfruit</Setting>
	<Setting Name="Quicksilver Cluster">Quicksilver Cluster</Setting>
	<Setting Name="Amber">Amber</Setting>
	<Setting Name="Sumac Lumber">Sumac Lumber</Setting>
</InnerSpaceSettings>
