<?xml version='1.0' encoding='UTF-8'?>
<!-- Generated by LavishSettings v2 -->
<InnerSpaceSettings>
	<Setting Name="sparkling fish scale">sparkling fish scale</Setting>
	<Setting Name="sparkling flower">sparkling flower</Setting>
	<Setting Name="sparkling stone">sparkling stone</Setting>
	<Setting Name="sparkling tooth">sparkling tooth</Setting>
	<Setting Name="sparkling material">sparkling material</Setting>
	<Setting Name="glowing fish scale">glowing fish scale</Setting>
	<Setting Name="glowing flower">glowing flower</Setting>
	<Setting Name="glowing stone">glowing stone</Setting>
	<Setting Name="glowing tooth">glowing tooth</Setting>
	<Setting Name="glowing material">glowing material</Setting>
	<Setting Name="glimmering fish scale">glimmering fish scale</Setting>
	<Setting Name="glimmering flower">glimmering flower</Setting>
	<Setting Name="glimmering stone">glimmering stone</Setting>
	<Setting Name="glimmering tooth">glimmering tooth</Setting>
	<Setting Name="glimmering material">glimmering material</Setting>
	<Setting Name="luminous fish scale">luminous fish scale</Setting>
	<Setting Name="luminous flower">luminous flower</Setting>
	<Setting Name="luminous stone">luminous stone</Setting>
	<Setting Name="luminous tooth">luminous tooth</Setting>
	<Setting Name="luminous material">luminous material</Setting>
	<Setting Name="lambent fish scale">lambent fish scale</Setting>
	<Setting Name="lambent flower">lambent flower</Setting>
	<Setting Name="lambent stone">lambent stone</Setting>
	<Setting Name="lambent tooth">lambent tooth</Setting>
	<Setting Name="lambent material">lambent material</Setting>
	<Setting Name="scintillating fish scale">scintillating fish scale</Setting>
	<Setting Name="scintillating flower">scintillating flower</Setting>
	<Setting Name="scintillating stone">scintillating stone</Setting>
	<Setting Name="scintillating tooth">scintillating tooth</Setting>
	<Setting Name="scintillating material">scintillating material</Setting>	
	<Setting Name="Smoldering fish scale">Smoldering fish scale</Setting>
	<Setting Name="Smoldering flower">Smoldering flower</Setting>
	<Setting Name="Smoldering stone">Smoldering stone</Setting>
	<Setting Name="Smoldering tooth">Smoldering tooth</Setting>
	<Setting Name="Smoldering material">Smoldering material</Setting>
	<Setting Name="ethereal fish scale">ethereal fish scale</Setting>
	<Setting Name="ethereal flower">ethereal flower</Setting>
	<Setting Name="ethereal stone">ethereal stone</Setting>
	<Setting Name="ethereal tooth">ethereal tooth</Setting>
	<Setting Name="ethereal material">ethereal material</Setting>
</InnerSpaceSettings>
