﻿<?xml version='1.0' encoding='UTF-8'?>
<!-- Generated by LavishSettings v2 -->
<InnerSpaceSettings>
	<Set Name="General">
		<Setting Name="ShiniesBox">0</Setting>
		<Setting Name="RawsBox">0</Setting>
		<Setting Name="RaresBox">0</Setting>
		<Setting Name="UncommonBox">0</Setting>
		<Setting Name="MatchLowPrice">TRUE</Setting>
		<Setting Name="PauseTimer">0</Setting>
		<Setting Name="ScanSellNonStop">TRUE</Setting>
		<Setting Name="SellItems">TRUE</Setting>
		<Setting Name="HighLatency">TRUE</Setting>
	</Set>
</InnerSpaceSettings>
