﻿<?xml version='1.0' encoding='UTF-8'?>
<!-- Generated by LavishSettings v2 -->
<InnerSpaceSettings>
	<Set Name="General">
		<Setting Name="ShiniesBox">3</Setting>
		<Setting Name="RawsBox">4</Setting>
		<Setting Name="RaresBox">6</Setting>
		<Setting Name="UncommonBox">0</Setting>
		<Setting Name="NoSale1">TRUE</Setting>
		<Setting Name="NoSale2">TRUE</Setting>
		<Setting Name="NoSale3">TRUE</Setting>
		<Setting Name="NoSale4">TRUE</Setting>
		<Setting Name="NoSale5">TRUE</Setting>
		<Setting Name="BoxMin1Default">2500000.000000</Setting>
		<Setting Name="BoxMax1Default">5000000.000000</Setting>
		<Setting Name="BoxMin2Default">2500000.000000</Setting>
		<Setting Name="BoxMax2Default">5000000.000000</Setting>
		<Setting Name="BoxMin3Default">0.000000</Setting>
		<Setting Name="BoxMax3Default">0.000000</Setting>
		<Setting Name="BoxMin4Default">0.000000</Setting>
		<Setting Name="BoxMax4Default">0.000000</Setting>
		<Setting Name="BoxMin5Default">0.000000</Setting>
		<Setting Name="BoxMax5Default">0.000000</Setting>
		<Setting Name="BoxMin6Default">0.000000</Setting>
		<Setting Name="BoxMax6Default">0.000000</Setting>
		<Setting Name="BuyItems">FALSE</Setting>
		<Setting Name="box6">TRUE</Setting>
		<Setting Name="MatchLowPrice">TRUE</Setting>
		<Setting Name="PlaceRares">TRUE</Setting>
		<Setting Name="PlaceRaws">TRUE</Setting>
		<Setting Name="box4">TRUE</Setting>
		<Setting Name="SellItems">TRUE</Setting>
		<Setting Name="PauseTimer">0</Setting>
		<Setting Name="box3">TRUE</Setting>
		<Setting Name="Natural">TRUE</Setting>
		<Setting Name="Shinies">TRUE</Setting>
	</Set>
	<Set Name="Item">
		<Set Name="Childebert Bottomhill">
			<Setting Name="Sell">5000000.000000</Setting>
			<Setting Name="MinSalePrice">FALSE</Setting>
			<Setting Name="MaxSalePrice">FALSE</Setting>
			<Setting Name="CraftItem">FALSE</Setting>
			<Setting Name="LowerNumber">FALSE</Setting>
		</Set>
		<Set Name="Gosunbert Fritzbang">
			<Setting Name="Sell">5000000.000000</Setting>
			<Setting Name="MinSalePrice">FALSE</Setting>
			<Setting Name="MaxSalePrice">FALSE</Setting>
			<Setting Name="CraftItem">FALSE</Setting>
			<Setting Name="LowerNumber">FALSE</Setting>
		</Set>
		<Set Name="Guthrie Arlond">
			<Setting Name="Sell">5000000.000000</Setting>
			<Setting Name="MinSalePrice">FALSE</Setting>
			<Setting Name="MaxSalePrice">FALSE</Setting>
			<Setting Name="CraftItem">FALSE</Setting>
			<Setting Name="LowerNumber">FALSE</Setting>
		</Set>
		<Set Name="Master Bristles">
			<Setting Name="Sell">5000000.000000</Setting>
			<Setting Name="MinSalePrice">FALSE</Setting>
			<Setting Name="MaxSalePrice">FALSE</Setting>
			<Setting Name="CraftItem">FALSE</Setting>
			<Setting Name="LowerNumber">FALSE</Setting>
		</Set>
		<Set Name="Master Jennifer Brightsteel">
			<Setting Name="Sell">5000000.000000</Setting>
			<Setting Name="MinSalePrice">FALSE</Setting>
			<Setting Name="MaxSalePrice">FALSE</Setting>
			<Setting Name="CraftItem">FALSE</Setting>
			<Setting Name="LowerNumber">FALSE</Setting>
		</Set>
		<Set Name="Qourn Broadgrog">
			<Setting Name="Sell">5000000.000000</Setting>
			<Setting Name="MinSalePrice">FALSE</Setting>
			<Setting Name="MaxSalePrice">FALSE</Setting>
			<Setting Name="CraftItem">FALSE</Setting>
			<Setting Name="LowerNumber">FALSE</Setting>
		</Set>
		<Set Name="an aviak talon">
			<Setting Name="Sell">77.500000</Setting>
			<Setting Name="MinSalePrice">FALSE</Setting>
			<Setting Name="MaxSalePrice">FALSE</Setting>
			<Setting Name="CraftItem">FALSE</Setting>
			<Setting Name="LowerNumber">FALSE</Setting>
			<Setting Name="MaxPrice">77.500000</Setting>
		</Set>
		<Set Name="Bird Watching - The Beast of the Enchanted Lands, Part I - Page 8">
			<Setting Name="Sell">500.000000</Setting>
			<Setting Name="MinSalePrice">FALSE</Setting>
			<Setting Name="MaxSalePrice">FALSE</Setting>
			<Setting Name="CraftItem">FALSE</Setting>
			<Setting Name="LowerNumber">FALSE</Setting>
		</Set>
		<Set Name="Bird Watching - The Beast of the Enchanted Lands, Part II - Page 6">
			<Setting Name="Sell">800.000000</Setting>
			<Setting Name="MinSalePrice">FALSE</Setting>
			<Setting Name="MaxSalePrice">FALSE</Setting>
			<Setting Name="CraftItem">FALSE</Setting>
			<Setting Name="LowerNumber">FALSE</Setting>
		</Set>
		<Set Name="enchanted maple blue leaf">
			<Setting Name="Sell">2000.000000</Setting>
			<Setting Name="MinSalePrice">FALSE</Setting>
			<Setting Name="MaxSalePrice">FALSE</Setting>
			<Setting Name="CraftItem">FALSE</Setting>
			<Setting Name="LowerNumber">FALSE</Setting>
		</Set>
		<Set Name="Blessed Cedar Wand">
			<Setting Name="Sell">10000.000000</Setting>
			<Setting Name="MinSalePrice">FALSE</Setting>
			<Setting Name="MaxSalePrice">FALSE</Setting>
			<Setting Name="CraftItem">FALSE</Setting>
			<Setting Name="LowerNumber">FALSE</Setting>
		</Set>
		<Set Name="Pendant the Dawn Chaser">
			<Setting Name="Sell">20000.000000</Setting>
			<Setting Name="MinSalePrice">FALSE</Setting>
			<Setting Name="MaxSalePrice">FALSE</Setting>
			<Setting Name="CraftItem">FALSE</Setting>
			<Setting Name="LowerNumber">FALSE</Setting>
		</Set>
		<Set Name="Cedar Wand">
			<Setting Name="Sell">0.000000</Setting>
			<Setting Name="MinSalePrice">FALSE</Setting>
			<Setting Name="MaxSalePrice">FALSE</Setting>
			<Setting Name="CraftItem">FALSE</Setting>
			<Setting Name="LowerNumber">FALSE</Setting>
		</Set>
		<Set Name="Abomination V (Master)">
			<Setting Name="Sell">40000.000000</Setting>
			<Setting Name="MinSalePrice">FALSE</Setting>
			<Setting Name="MaxSalePrice">FALSE</Setting>
			<Setting Name="CraftItem">FALSE</Setting>
			<Setting Name="LowerNumber">FALSE</Setting>
		</Set>
		<Set Name="Advanced Adornments Volume 8">
			<Setting Name="Sell">0.000000</Setting>
			<Setting Name="MinSalePrice">FALSE</Setting>
			<Setting Name="MaxSalePrice">FALSE</Setting>
			<Setting Name="CraftItem">FALSE</Setting>
			<Setting Name="LowerNumber">FALSE</Setting>
		</Set>
		<Set Name="Advanced Alchemist Volume 78">
			<Setting Name="Sell">0.000000</Setting>
			<Setting Name="MinSalePrice">FALSE</Setting>
			<Setting Name="MaxSalePrice">FALSE</Setting>
			<Setting Name="CraftItem">FALSE</Setting>
			<Setting Name="LowerNumber">FALSE</Setting>
		</Set>
		<Set Name="Advanced Sage Volume 53">
			<Setting Name="Sell">0.000000</Setting>
			<Setting Name="MinSalePrice">FALSE</Setting>
			<Setting Name="MaxSalePrice">FALSE</Setting>
			<Setting Name="CraftItem">FALSE</Setting>
			<Setting Name="LowerNumber">FALSE</Setting>
		</Set>
		<Set Name="Advanced Sage Volume 58">
			<Setting Name="Sell">0.000000</Setting>
			<Setting Name="MinSalePrice">FALSE</Setting>
			<Setting Name="MaxSalePrice">FALSE</Setting>
			<Setting Name="CraftItem">FALSE</Setting>
			<Setting Name="LowerNumber">FALSE</Setting>
		</Set>
		<Set Name="Advanced Sage Volume 61">
			<Setting Name="Sell">0.000000</Setting>
			<Setting Name="MinSalePrice">FALSE</Setting>
			<Setting Name="MaxSalePrice">FALSE</Setting>
			<Setting Name="CraftItem">FALSE</Setting>
			<Setting Name="LowerNumber">FALSE</Setting>
		</Set>
		<Set Name="Advanced Sage Volume 67">
			<Setting Name="Sell">0.000000</Setting>
			<Setting Name="MinSalePrice">FALSE</Setting>
			<Setting Name="MaxSalePrice">FALSE</Setting>
			<Setting Name="CraftItem">FALSE</Setting>
			<Setting Name="LowerNumber">FALSE</Setting>
		</Set>
		<Set Name="Advanced Sage Volume 68">
			<Setting Name="Sell">0.000000</Setting>
			<Setting Name="MinSalePrice">FALSE</Setting>
			<Setting Name="MaxSalePrice">FALSE</Setting>
			<Setting Name="CraftItem">FALSE</Setting>
			<Setting Name="LowerNumber">FALSE</Setting>
		</Set>
		<Set Name="Advanced Woodworker Volume 76">
			<Setting Name="Sell">0.000000</Setting>
			<Setting Name="MinSalePrice">FALSE</Setting>
			<Setting Name="MaxSalePrice">FALSE</Setting>
			<Setting Name="CraftItem">FALSE</Setting>
			<Setting Name="LowerNumber">FALSE</Setting>
		</Set>
		<Set Name="Ancient Teachings of: Amnesia">
			<Setting Name="Sell">0.000000</Setting>
			<Setting Name="MinSalePrice">FALSE</Setting>
			<Setting Name="MaxSalePrice">FALSE</Setting>
			<Setting Name="CraftItem">FALSE</Setting>
			<Setting Name="LowerNumber">FALSE</Setting>
		</Set>
		<Set Name="Ancient Teachings of: Control Undead">
			<Setting Name="Sell">0.000000</Setting>
			<Setting Name="MinSalePrice">FALSE</Setting>
			<Setting Name="MaxSalePrice">FALSE</Setting>
			<Setting Name="CraftItem">FALSE</Setting>
			<Setting Name="LowerNumber">FALSE</Setting>
		</Set>
		<Set Name="Ancient Teachings of: Divine Arbitration">
			<Setting Name="Sell">0.000000</Setting>
			<Setting Name="MinSalePrice">FALSE</Setting>
			<Setting Name="MaxSalePrice">FALSE</Setting>
			<Setting Name="CraftItem">FALSE</Setting>
			<Setting Name="LowerNumber">FALSE</Setting>
		</Set>
		<Set Name="Ancient Teachings of: Dogma">
			<Setting Name="Sell">0.000000</Setting>
			<Setting Name="MinSalePrice">FALSE</Setting>
			<Setting Name="MaxSalePrice">FALSE</Setting>
			<Setting Name="CraftItem">FALSE</Setting>
			<Setting Name="LowerNumber">FALSE</Setting>
		</Set>
		<Set Name="Ancient Teachings of: Essence of Consecrate">
			<Setting Name="Sell">0.000000</Setting>
			<Setting Name="MinSalePrice">FALSE</Setting>
			<Setting Name="MaxSalePrice">FALSE</Setting>
			<Setting Name="CraftItem">FALSE</Setting>
			<Setting Name="LowerNumber">FALSE</Setting>
		</Set>
		<Set Name="Ancient Teachings of: Essence of Doom Judgment II">
			<Setting Name="Sell">0.000000</Setting>
			<Setting Name="MinSalePrice">FALSE</Setting>
			<Setting Name="MaxSalePrice">FALSE</Setting>
			<Setting Name="CraftItem">FALSE</Setting>
			<Setting Name="LowerNumber">FALSE</Setting>
		</Set>
		<Set Name="Ancient Teachings of: Essence of Mana Sieve">
			<Setting Name="Sell">0.000000</Setting>
			<Setting Name="MinSalePrice">FALSE</Setting>
			<Setting Name="MaxSalePrice">FALSE</Setting>
			<Setting Name="CraftItem">FALSE</Setting>
			<Setting Name="LowerNumber">FALSE</Setting>
		</Set>
		<Set Name="Ancient Teachings of: Essence of Tap Veins">
			<Setting Name="Sell">0.000000</Setting>
			<Setting Name="MinSalePrice">FALSE</Setting>
			<Setting Name="MaxSalePrice">FALSE</Setting>
			<Setting Name="CraftItem">FALSE</Setting>
			<Setting Name="LowerNumber">FALSE</Setting>
		</Set>
		<Set Name="Ancient Teachings of: Furnace of Ro">
			<Setting Name="Sell">0.000000</Setting>
			<Setting Name="MinSalePrice">FALSE</Setting>
			<Setting Name="MaxSalePrice">FALSE</Setting>
			<Setting Name="CraftItem">FALSE</Setting>
			<Setting Name="LowerNumber">FALSE</Setting>
		</Set>
		<Set Name="Ancient Teachings of: Null Caress">
			<Setting Name="Sell">0.000000</Setting>
			<Setting Name="MinSalePrice">FALSE</Setting>
			<Setting Name="MaxSalePrice">FALSE</Setting>
			<Setting Name="CraftItem">FALSE</Setting>
			<Setting Name="LowerNumber">FALSE</Setting>
		</Set>
		<Set Name="Ancient Teachings of: Rune of Double Up">
			<Setting Name="Sell">0.000000</Setting>
			<Setting Name="MinSalePrice">FALSE</Setting>
			<Setting Name="MaxSalePrice">FALSE</Setting>
			<Setting Name="CraftItem">FALSE</Setting>
			<Setting Name="LowerNumber">FALSE</Setting>
		</Set>
		<Set Name="Ancient Teachings of: Smite Corruption II">
			<Setting Name="Sell">0.000000</Setting>
			<Setting Name="MinSalePrice">FALSE</Setting>
			<Setting Name="MaxSalePrice">FALSE</Setting>
			<Setting Name="CraftItem">FALSE</Setting>
			<Setting Name="LowerNumber">FALSE</Setting>
		</Set>
		<Set Name="Angelic Soul Set: Chest">
			<Setting Name="Sell">2800.000000</Setting>
			<Setting Name="MinSalePrice">FALSE</Setting>
			<Setting Name="MaxSalePrice">FALSE</Setting>
			<Setting Name="CraftItem">FALSE</Setting>
			<Setting Name="LowerNumber">FALSE</Setting>
		</Set>
		<Set Name="Armguards of the Elite Yha-lei Shock Troops">
			<Setting Name="Sell">990000.000000</Setting>
			<Setting Name="MinSalePrice">FALSE</Setting>
			<Setting Name="MaxSalePrice">FALSE</Setting>
			<Setting Name="CraftItem">FALSE</Setting>
			<Setting Name="LowerNumber">FALSE</Setting>
		</Set>
		<Set Name="Blueprint: Overclocked Hovering Device">
			<Setting Name="Sell">0.000000</Setting>
			<Setting Name="MinSalePrice">FALSE</Setting>
			<Setting Name="MaxSalePrice">FALSE</Setting>
			<Setting Name="CraftItem">FALSE</Setting>
			<Setting Name="LowerNumber">FALSE</Setting>
		</Set>
		<Set Name="Blueprint: Reconstructor">
			<Setting Name="Sell">0.000000</Setting>
			<Setting Name="MinSalePrice">FALSE</Setting>
			<Setting Name="MaxSalePrice">FALSE</Setting>
			<Setting Name="CraftItem">FALSE</Setting>
			<Setting Name="LowerNumber">FALSE</Setting>
		</Set>
		<Set Name="Blueprint: Wormhole Generator: Antonica">
			<Setting Name="Sell">0.000000</Setting>
			<Setting Name="MinSalePrice">FALSE</Setting>
			<Setting Name="MaxSalePrice">FALSE</Setting>
			<Setting Name="CraftItem">FALSE</Setting>
			<Setting Name="LowerNumber">FALSE</Setting>
		</Set>
		<Set Name="Blueprint: Wormhole Generator: Commonlands">
			<Setting Name="Sell">0.000000</Setting>
			<Setting Name="MinSalePrice">FALSE</Setting>
			<Setting Name="MaxSalePrice">FALSE</Setting>
			<Setting Name="CraftItem">FALSE</Setting>
			<Setting Name="LowerNumber">FALSE</Setting>
		</Set>
		<Set Name="Call to Arms V (Master)">
			<Setting Name="Sell">110000.000000</Setting>
			<Setting Name="MinSalePrice">FALSE</Setting>
			<Setting Name="MaxSalePrice">FALSE</Setting>
			<Setting Name="CraftItem">FALSE</Setting>
			<Setting Name="LowerNumber">FALSE</Setting>
		</Set>
		<Set Name="Debilitate III (Master)">
			<Setting Name="Sell">320000.000000</Setting>
			<Setting Name="MinSalePrice">FALSE</Setting>
			<Setting Name="MaxSalePrice">FALSE</Setting>
			<Setting Name="CraftItem">FALSE</Setting>
			<Setting Name="LowerNumber">FALSE</Setting>
		</Set>
		<Set Name="Healing Fate V (Master)">
			<Setting Name="Sell">0.000000</Setting>
			<Setting Name="MinSalePrice">FALSE</Setting>
			<Setting Name="MaxSalePrice">FALSE</Setting>
			<Setting Name="CraftItem">FALSE</Setting>
			<Setting Name="LowerNumber">FALSE</Setting>
		</Set>
		<Set Name="Rare Deathfist Mossy Armor Plans">
			<Setting Name="Sell">0.000000</Setting>
			<Setting Name="MinSalePrice">FALSE</Setting>
			<Setting Name="MaxSalePrice">FALSE</Setting>
			<Setting Name="CraftItem">FALSE</Setting>
			<Setting Name="LowerNumber">FALSE</Setting>
		</Set>
		<Set Name="Sanctification Set: Legs">
			<Setting Name="Sell">7700.000000</Setting>
			<Setting Name="MinSalePrice">FALSE</Setting>
			<Setting Name="MaxSalePrice">FALSE</Setting>
			<Setting Name="CraftItem">FALSE</Setting>
			<Setting Name="LowerNumber">FALSE</Setting>
		</Set>
		<Set Name="[Level 70] Acumen I">
			<Setting Name="Sell">0.000000</Setting>
			<Setting Name="MinSalePrice">FALSE</Setting>
			<Setting Name="MaxSalePrice">FALSE</Setting>
			<Setting Name="CraftItem">FALSE</Setting>
			<Setting Name="LowerNumber">FALSE</Setting>
		</Set>
		<Set Name="[Level 70] Aptitude I">
			<Setting Name="Sell">0.000000</Setting>
			<Setting Name="MinSalePrice">FALSE</Setting>
			<Setting Name="MaxSalePrice">FALSE</Setting>
			<Setting Name="CraftItem">FALSE</Setting>
			<Setting Name="LowerNumber">FALSE</Setting>
		</Set>
		<Set Name="[Level 70] Dominance I">
			<Setting Name="Sell">0.000000</Setting>
			<Setting Name="MinSalePrice">FALSE</Setting>
			<Setting Name="MaxSalePrice">FALSE</Setting>
			<Setting Name="CraftItem">FALSE</Setting>
			<Setting Name="LowerNumber">FALSE</Setting>
		</Set>
		<Set Name="[Level 70] Extended Acumen I">
			<Setting Name="Sell">0.000000</Setting>
			<Setting Name="MinSalePrice">FALSE</Setting>
			<Setting Name="MaxSalePrice">FALSE</Setting>
			<Setting Name="CraftItem">FALSE</Setting>
			<Setting Name="LowerNumber">FALSE</Setting>
		</Set>
		<Set Name="[Level 70] Extended Aptitude I">
			<Setting Name="Sell">0.000000</Setting>
			<Setting Name="MinSalePrice">FALSE</Setting>
			<Setting Name="MaxSalePrice">FALSE</Setting>
			<Setting Name="CraftItem">FALSE</Setting>
			<Setting Name="LowerNumber">FALSE</Setting>
		</Set>
		<Set Name="[Level 70] Extended Dominance I">
			<Setting Name="Sell">0.000000</Setting>
			<Setting Name="MinSalePrice">FALSE</Setting>
			<Setting Name="MaxSalePrice">FALSE</Setting>
			<Setting Name="CraftItem">FALSE</Setting>
			<Setting Name="LowerNumber">FALSE</Setting>
		</Set>
	</Set>
	<Set Name="Buy">
		<Set Name="Krono">
			<Setting Name="BuyNumber">1</Setting>
			<Setting Name="BuyPrice">100.000000</Setting>
			<Setting Name="MaxSpend">10000.000000</Setting>
			<Setting Name="Harvest">FALSE</Setting>
			<Setting Name="Buynameonly">TRUE</Setting>
			<Setting Name="BuyAttuneOnly">FALSE</Setting>
			<Setting Name="AutoTransmute">FALSE</Setting>
		</Set>
	</Set>
</InnerSpaceSettings>
