﻿<?xml version='1.0' encoding='UTF-8'?>
<!-- Generated by LavishSettings v2 -->
<InnerSpaceSettings>
	<Set Name="Meats">
		<Setting Name="a skeleton sorrow core">Sell</Setting>
		<Setting Name="a skeleton leg">sell</setting>
		<Setting Name="a skeleton reanimation rune">Sell</Setting>
		<Setting Name="a skeleton arm">sell</setting>
		<Setting Name="a skeleton objurgatory hunger">sell</setting>
		<Setting Name="a decomposing zombie organ">sell</setting>
		<Setting Name="a corrupted zombie brain">Sell</Setting>
		<Setting Name="a flesh covered zombie bone">sell</setting>
		<Setting Name="a piece of rotted zombie flesh">sell</setting>
		<Setting Name="a necrotic zombie skin">Sell</Setting>
		<Setting Name="Iksar Skeleton (Conjuror)">Sell</Setting>
		<Setting Name="Iksar Skeleton (Templar)">Sell</Setting>
		<Setting Name="Iksar Skeleton (Shadowknight)">Sell</Setting>
		<Setting Name="Iksar Skeleton (Dirge)">Sell</Setting>
		<Setting Name="Iksar Skeleton (Bruiser)">Sell</Setting>
		<Setting Name="Iksar Skeleton (Necromancer)">Sell</Setting>
		<Setting Name="Iksar Skeleton (Berserker)">Sell</Setting>
		<Setting Name="Iksar Skeleton (Coercer)">Sell</Setting>
		<Setting Name="Iksar Skeleton (Warlock)">Sell</Setting>
		<Setting Name="Iksar Skeleton (Brigand)">Sell</Setting>
		<Setting Name="Iksar Skeleton (Swashbuckler)">Sell</Setting>
		<Setting Name="Iksar Skeleton (Troubador)">Sell</Setting>
		<Setting Name="Iksar Skeleton (Wizard)">Sell</Setting>
		<Setting Name="Iksar Skeleton (Mystic)">Sell</Setting>
		<Setting Name="Iksar Skeleton (Paladin)">Sell</Setting>
		<Setting Name="Iksar Skeleton (Assassin)">Sell</Setting>
		<Setting Name="Iksar Skeleton (Wizard)">Sell</Setting>
		<Setting Name="Iksar Skeleton (Guardian)">Sell</Setting>
		<Setting Name="Iksar Skeleton (Fury)">Sell</Setting>
		<Setting Name="Skeleton (Conjuror)">Sell</Setting>
		<Setting Name="Skeleton (Templar)">Sell</Setting>
		<Setting Name="Skeleton (Shadowknight)">Sell</Setting>
		<Setting Name="Skeleton (Dirge)">Sell</Setting>
		<Setting Name="Skeleton (Bruiser)">Sell</Setting>
		<Setting Name="Skeleton (Necromancer)">Sell</Setting>
		<Setting Name="Skeleton (Berserker)">Sell</Setting>
		<Setting Name="Skeleton (Coercer)">Sell</Setting>
		<Setting Name="Skeleton (Warlock)">Sell</Setting>
		<Setting Name="Skeleton (Brigand)">Sell</Setting>
		<Setting Name="Skeleton (Swashbuckler)">Sell</Setting>
		<Setting Name="Skeleton (Troubador)">Sell</Setting>
		<Setting Name="Skeleton (Wizard)">Sell</Setting>
		<Setting Name="Skeleton (Mystic)">Sell</Setting>
		<Setting Name="Skeleton (Paladin)">Sell</Setting>
		<Setting Name="Skeleton (Assassin)">Sell</Setting>
		<Setting Name="Skeleton (Wizard)">Sell</Setting>
		<Setting Name="Skeleton (Guardian)">Sell</Setting>
		<Setting Name="Skeleton (Fury)">Sell</Setting>
		<Setting Name="Faro' Nuk Marauder Activator">Sell</Setting>
		<Setting Name="Bonepile (Bruiser)">Sell</Setting>
		<Setting Name="Bertoxxulan Spectre Activator">Sell</Setting>
		<Setting Name="Skeleton (Ranger)">Sell</Setting>
		<Setting Name="Empowered Terror Activator">Sell</Setting>
		<Setting Name="Sarnak-Skeleton (Shadowknight)">Sell</Setting>
		<Setting Name="Orc-Snow (Conjuror)">Sell</Setting>
		<Setting Name="Orc-Snow (Templar)">Sell</Setting>
		<Setting Name="Orc-Snow (Shadowknight)">Sell</Setting>
		<Setting Name="Orc-Snow (Dirge)">Sell</Setting>
		<Setting Name="Orc-Snow (Bruiser)">Sell</Setting>
		<Setting Name="Orc-Snow (Necromancer)">Sell</Setting>
		<Setting Name="Orc-Snow (Berserker)">Sell</Setting>
		<Setting Name="Orc-Snow (Coercer)">Sell</Setting>
		<Setting Name="Orc-Snow (Warlock)">Sell</Setting>
		<Setting Name="Orc-Snow (Brigand)">Sell</Setting>
		<Setting Name="Orc-Snow (Swashbuckler)">Sell</Setting>
		<Setting Name="Orc-Snow (Troubador)">Sell</Setting>
		<Setting Name="Orc-Snow (Wizard)">Sell</Setting>
		<Setting Name="Orc-Snow (Mystic)">Sell</Setting>
		<Setting Name="Orc-Snow (Paladin)">Sell</Setting>
		<Setting Name="Orc-Snow (Assassin)">Sell</Setting>
		<Setting Name="Orc-Snow (Wizard)">Sell</Setting>
		<Setting Name="Orc-Snow (Guardian)">Sell</Setting>
		<Setting Name="Orc-Snow (Fury)">Sell</Setting>
		<Setting Name="Orc-Snow (Inquisitor)">Sell</Setting>
		<Setting Name="Orc-Snow (Ranger)">Sell</Setting>
		<Setting Name="Advanced Adornments Volume 3">Sell</Setting>
		<Setting Name="an orc ear">Sell</Setting>
		<Setting Name="an orc tooth">Sell</Setting>
		<Setting Name="an orc eye">Sell</Setting>
		<Setting Name="an orc spine">Sell</Setting>
		<Setting Name="an orc skin">Sell</Setting>
		<Setting Name="black face paint">Sell</Setting>
		<Setting Name="Orc-Crushbone (Paladin)">Sell</Setting>
		<Setting Name="strange dark powder">Sell</Setting>
		<Setting Name="blood red gem">Sell</Setting>
		<Setting Name="simple arcane formula">Sell</Setting>
		<Setting Name="seared boiled gloves">Sell</Setting>
		<Setting Name="foggy globe">Sell</Setting>
		<Setting Name="small disk of metal">Sell</Setting>
		<Setting Name="ancient copper coin">Sell</Setting>
		<Setting Name="bag of bone dust">Sell</Setting>
		<Setting Name="application for citizenship">Sell</Setting>
		<Setting Name="a damaged medium quality elephant hide">Sell</Setting>
	</Set>
</InnerSpaceSettings>
